S1,S2,S3
stimuli/einstein_80.jpg,stimuli/einstein_5.jpg,stimuli/einstein_0.jpg
stimuli/einstein_0.jpg,stimuli/einstein_10.jpg,stimuli/einstein_20.jpg
stimuli/einstein_100.jpg,stimuli/einstein_80.jpg,stimuli/einstein_0.jpg
stimuli/einstein_80.jpg,stimuli/einstein_10.jpg,stimuli/einstein_0.jpg
stimuli/einstein_0.jpg,stimuli/einstein_20.jpg,stimuli/einstein_80.jpg
stimuli/einstein_60.jpg,stimuli/einstein_80.jpg,stimuli/einstein_100.jpg
stimuli/einstein_40.jpg,stimuli/einstein_80.jpg,stimuli/einstein_100.jpg
stimuli/einstein_0.jpg,stimuli/einstein_40.jpg,stimuli/einstein_60.jpg
stimuli/einstein_10.jpg,stimuli/einstein_60.jpg,stimuli/einstein_80.jpg
stimuli/einstein_80.jpg,stimuli/einstein_40.jpg,stimuli/einstein_10.jpg
stimuli/einstein_20.jpg,stimuli/einstein_80.jpg,stimuli/einstein_100.jpg
stimuli/einstein_5.jpg,stimuli/einstein_60.jpg,stimuli/einstein_80.jpg
stimuli/einstein_100.jpg,stimuli/einstein_40.jpg,stimuli/einstein_10.jpg
stimuli/einstein_60.jpg,stimuli/einstein_40.jpg,stimuli/einstein_20.jpg
stimuli/einstein_100.jpg,stimuli/einstein_60.jpg,stimuli/einstein_20.jpg
stimuli/einstein_20.jpg,stimuli/einstein_40.jpg,stimuli/einstein_80.jpg
stimuli/einstein_60.jpg,stimuli/einstein_40.jpg,stimuli/einstein_10.jpg
stimuli/einstein_5.jpg,stimuli/einstein_10.jpg,stimuli/einstein_60.jpg
stimuli/einstein_5.jpg,stimuli/einstein_60.jpg,stimuli/einstein_100.jpg
stimuli/einstein_80.jpg,stimuli/einstein_60.jpg,stimuli/einstein_20.jpg
stimuli/einstein_20.jpg,stimuli/einstein_40.jpg,stimuli/einstein_100.jpg
stimuli/einstein_100.jpg,stimuli/einstein_60.jpg,stimuli/einstein_40.jpg
stimuli/einstein_5.jpg,stimuli/einstein_10.jpg,stimuli/einstein_80.jpg
stimuli/einstein_80.jpg,stimuli/einstein_40.jpg,stimuli/einstein_0.jpg
stimuli/einstein_5.jpg,stimuli/einstein_10.jpg,stimuli/einstein_100.jpg
stimuli/einstein_5.jpg,stimuli/einstein_40.jpg,stimuli/einstein_60.jpg
stimuli/einstein_80.jpg,stimuli/einstein_40.jpg,stimuli/einstein_5.jpg
stimuli/einstein_0.jpg,stimuli/einstein_5.jpg,stimuli/einstein_100.jpg
stimuli/einstein_10.jpg,stimuli/einstein_80.jpg,stimuli/einstein_100.jpg
stimuli/einstein_60.jpg,stimuli/einstein_10.jpg,stimuli/einstein_0.jpg
stimuli/einstein_0.jpg,stimuli/einstein_5.jpg,stimuli/einstein_20.jpg
stimuli/einstein_0.jpg,stimuli/einstein_5.jpg,stimuli/einstein_10.jpg
stimuli/einstein_5.jpg,stimuli/einstein_20.jpg,stimuli/einstein_100.jpg
stimuli/einstein_40.jpg,stimuli/einstein_20.jpg,stimuli/einstein_10.jpg
stimuli/einstein_100.jpg,stimuli/einstein_20.jpg,stimuli/einstein_0.jpg
stimuli/einstein_0.jpg,stimuli/einstein_10.jpg,stimuli/einstein_100.jpg
stimuli/einstein_5.jpg,stimuli/einstein_20.jpg,stimuli/einstein_40.jpg
stimuli/einstein_0.jpg,stimuli/einstein_20.jpg,stimuli/einstein_60.jpg
stimuli/einstein_0.jpg,stimuli/einstein_40.jpg,stimuli/einstein_100.jpg
stimuli/einstein_0.jpg,stimuli/einstein_20.jpg,stimuli/einstein_40.jpg
stimuli/einstein_5.jpg,stimuli/einstein_40.jpg,stimuli/einstein_100.jpg
stimuli/einstein_5.jpg,stimuli/einstein_10.jpg,stimuli/einstein_20.jpg
stimuli/einstein_0.jpg,stimuli/einstein_5.jpg,stimuli/einstein_40.jpg
stimuli/einstein_0.jpg,stimuli/einstein_10.jpg,stimuli/einstein_40.jpg
stimuli/einstein_10.jpg,stimuli/einstein_20.jpg,stimuli/einstein_100.jpg
stimuli/einstein_0.jpg,stimuli/einstein_60.jpg,stimuli/einstein_80.jpg
stimuli/einstein_10.jpg,stimuli/einstein_60.jpg,stimuli/einstein_100.jpg
stimuli/einstein_0.jpg,stimuli/einstein_60.jpg,stimuli/einstein_100.jpg
stimuli/einstein_5.jpg,stimuli/einstein_20.jpg,stimuli/einstein_60.jpg
stimuli/einstein_10.jpg,stimuli/einstein_20.jpg,stimuli/einstein_60.jpg
stimuli/einstein_0.jpg,stimuli/einstein_5.jpg,stimuli/einstein_60.jpg
stimuli/einstein_80.jpg,stimuli/einstein_20.jpg,stimuli/einstein_5.jpg
stimuli/einstein_40.jpg,stimuli/einstein_10.jpg,stimuli/einstein_5.jpg
stimuli/einstein_100.jpg,stimuli/einstein_80.jpg,stimuli/einstein_5.jpg
stimuli/einstein_40.jpg,stimuli/einstein_60.jpg,stimuli/einstein_80.jpg
stimuli/einstein_80.jpg,stimuli/einstein_20.jpg,stimuli/einstein_10.jpg
